Hendelseskode;Ulykkeskode;Ulykkestittel;Hjelpetekst/beskrivelse;Kommentar;Nye forslag
RE1000 ;RE110 ;Jeg eller noen i reisefølget har blitt syke;En person er blitt  syk eller fått forverret helsetilstand under reisen. Kan innebære behov for legehjelp, sykehus, medisiner, transport, overnatting og reiseutgifter. Hendelsen kan også føre til ødelagt/mistet ferie, endrede reiseplaner, ekstra kostnader eller hjemreise tidligere enn planlagt.;;
RE1000 ;RE120 ;Jeg eller noen i reisefølget har blitt skadet;Situasjoner der en person blir skadet under reisen. Kan inkludere fall, snubling, kollisjon, overtråkk, vridning, slag, kutt, brudd, hjernerystelse eller andre fysiske skader. Hendelsen kan føre til legehjelp, sykehusinnleggelse, operasjon, behandling, fysioterapi og andre ekstra kostnader. ;;
RE1000 ;RE130 ;Noen i reisefølget har gått bort;Noen i reisefølget døde under reisen, og du trengte hjelp med hjemreise/hjemtransport/båretransport eller praktiske ting. ;;
RE1000 ;RE140 ;Jeg eller noen i reisefølget trenger behandling hos tannlege;Tannverk eller skade på tennene. Du trenger behandling hos tannlege etter tyggeskade, ulykke, etc.;;
RE1001 ;RE150 ;Medsinstudent med MRSA-smitte;Du er medisinstudent og fikk påvist MRSA, kunne ikke gjennomføre praksis eller jobb.;;
RE2000 ;RE210 ;Jeg har blitt utsatt for tyveri eller ran ;Du har fått frastjålet eiendeler/gjenstander. Tingene er tatt direkte fra deg, eller i nærheten av deg,  ved for eksempel veskenapping, lommetyveri eller ran.;;
RE2000 ;RE213 ;Jeg har blitt frastjålet noe fra hotellrom eller lugar;Du har fått frasjålet eiendeler/gjenstander fra ditt hotellrom eller fra din lugar ombord i båt.;;
RE2000 ;RE220 ;Jeg har blitt frastjålet noe etter innbrudd i bil;Du har hatt innbrudd i bil/leiebil/campingbil/campingvogn, fra bagasjerom, kupe, midtkonsoll, hanskerom eller lignende. ;;
RE2000 ;RE230 ;Jeg har blitt frastjålet noe etter innbrudd i bygning;Situasjoner der kunden får eiendeler stjålet etter innbrudd i en bygning, som bolig, hytte, garasje, lager eller annen oppbevaringsplass.;;
RE2001 ;RE211 ;Skade på mobil;Mobiltelefon har fått skader, som f.eks. knust skjerm, ødelagt deksel, klemskade, den har sluttet å virke, tar ikke lading, vann-/fuktskade, kondens.;;
RE2002 ;RE212 ;Skjermen på mobiltelefonen er knust;Mobiltelefon har knust skjerm/deksel foran eller bak. ;;
RE2002 ;RE214 ;Mobiltelefonen har andre skader, er stjålet eller mistet;Mobiltelefon har fått skade, som at skjermen er ødelagt uten at den er knust, har ødelagt kamera, klemskade, vann-/fuktskade, har bare sluttet og virke, tar ikke lading, eller er stjålet/mistet/blitt borte.;;
RE2010 ;RE300 ;Innbo på studentbosted er skadet eller tapt;Eiendeler har blitt ødelagt eller er tapt/mistet/stjålet/det har vært innbrudd der du bor. Det kan ha skjedd i egen leilighet/bolig, hage/uteområde, fra garasje, bod, kjeller eller loft.;;
RE2100 ;RE260 ;Jeg har fått skade på eiendeler;Eiendeler/gjenstander/ting er blitt skadet underveis på reisen. Gjelder også situasjoner der eiendeler som er leid eller lånt er skadet.;;
RE2100 ;RE270 ;Jeg har fått skade på eiendeler etter trafikkuhell/kantring;Eiendeler har blitt skadet eller har kommet bort pga kollisjon, utforkjøring eller velt i trafikken hvor det er minst et kjøretøy involvert i hendelsen, eller på grunn av velt/kantring eller grunnstøting med båt/kajakk/kano/supbrett eller lignende lignende.;;
RE2100 ;RE280 ;Jeg har fått skade på innsjekket bagasje;Bagasje/koffert eller innhold i bagasje/koffert, ble skadet mens den var innsjekket hos flyselskapet. Eksempler er ødelagt koffert, sprukket hjørne, knust hjul, gjenstander i bagasjen er knust. ;;
RE2200 ;RE240 ;Innsjekket bagasje har vært borte i mer enn 3 uker;Bagasje sendt med fly har vært borte over lengre tid. Flyselskapet har ennå ikke klart å finne den. Bagasjen/kofferten antas å være tapt.;;
RE2200 ;RE250 ;Mine eiendeler er gjenglemt, mistet eller kommet bort;Eiendeler/gjenstander er mistet eller gjenglemt, eller kanskje vet du ikke når, hvor eller hvordan tingene har blitt borte.;;
RE2300 ;RE215 ;Tyveri eller skade på sykkel;Sykkel eller elektrisk sykkel/-sparkesykkel er blitt stjålet, borte/mistet eller skadet. Kan inkludere tyveri av hele eller deler (batteri, dekk, felg og sete) av sykkelen. ;;
RE2310 ;RE216 ;Tyveri eller skade på sykkel – utland;Sykkel/elsykkel og eller fastmontert sykkeltilbehør, som batteri, felg, dekk og lignende, har fått skader på grunn av tyveri, velt, kollisjon eller annen hendelse. Den kan også være mistet eller stjålet. ;;
RE3000 ;RE310 ;Avbestilling før avreise hjemmefra;Du kan ikke reise på en planlagt tur/ferie/jobbreise. Ofte skyldes det sykdom, men det kan også være mange andre årsaker til at du ikke kan dra. ;;
RE3010 ;RE310 ;Avbestilling før avreise hjemmefra;Du kan ikke reise på en planlagt tur/ferie/jobbreise. Ofte skyldes det sykdom, men det kan også være mange andre årsaker til at du ikke kan dra. ;;
RE4000 ;RE240 ;Innsjekket bagasje har vært borte i mer enn 3 uker  ;Bagasje sendt med fly har vært borte over lengre tid. Flyselskapet har ennå ikke klart å finne den. Bagasjen/kofferten antas å være tapt.;;
RE4000 ;RE410 ;Forsinket bagasje;Bagasje/koffert innsjekket/sendt med fly er forsinket, står igjen,  har ikke kommet frem, eller ble levert senere. Du må gjøre innkjøp av f.eks. klær, sminke, toalettsaker, eller leie vogn, ski eller lignende frem til du mottar bagasjen/kofferten.;;
RE4100 ;RE411 ;Forsinket eller kansellert transportmiddel;Bil, taxi, buss, fly, helikopter, ferje, båt  eller lignende er forsinket, har fått fremskyndet eller utsatt avgang, er innstilt eller kansellert. Du har fått utgifter til ny reise/billetter/transport, overnatting. ;;
RE6000 ;RE610 ;Jeg måtte fremskynde hjemreisen pga sykdom, ulykke eller dødsfall;Hjemreise tidligere enn planlagt på grunn av sykdom, skade/ulykke eller dødsfall som har skjedd hjemme eller annet sted enn på reisen. Du må f.eks. delta i begravelse eller ta vare på familie.;;
RE6000 ;RE620 ;Jeg måtte fremskynde hjemreisen pga skade på egen bolig;Boligen/huset/leiligheten eller forretningen/butikken din har blitt skadet, og du må derfor avlyse reisen eller ferien for å reise hjem tidligere.;;
RE6000 ;RE630 ;Andre grunner til tidlig hjemreise;Du må reise hjem fordi det har skjedd en hendelse med noe eller noen hjemme eller et annet sted enn på reisen.;;
RE8000 ;RE710 ;Utgifter ved evakuering;Du må evakueres, endre reiseplaner eller reise hjem på grunn av naturkatastrofe, ekstremvær, skogbrann, orkan/tyfon, terror, krig, reiseråd, uroligheter/demonstrasjoner eller andre alvorlige hendelser. ;;
RE8100 ;RE910 ;Egenandel ved skade på leiebil;Leiebilen eller motorsykkelen ble skadet eller stjålet. Det kan være en bulk, ripe, punktering, veihjelp, glassskade, innbrudd, brann, etc.;;
RE8101 ;RE910 ;Egenandel ved skade på leiebil;Leiebilen eller motorsykkelen ble skadet eller stjålet. Det kan være en bulk, ripe, punktering, veihjelp, glassskade, innbrudd, brann, etc.;;
RE8200 ;RE810 ;Studieavbrudd;Du kan ikke fortsette å studere på grunn av sykdom, skade eller annen hendelse.;;
RE9200 ;RE922 ;Skade i forbindelse med luftsport;Alle former for skade eller tap som skjer på på grunn av luftsport. Fallskjermhopp, basehopp, paragliding, hangliding er eksempler på luftsport.;;
RE9300 ;RE930 ;Skade i forbindelse med krig;Krig.;;
RE9400 ;RE940 ;Skade under ekspedisjon;Skade, sykdom, ulykke, tap og alt annet som skjer på ekspedisjon. Eksempler er høydesyke, dødsfall, frostskade eller tap/ødelagt utstyr.;;
RE9500 ;RE950 ;Ansvar utenfor Norden;Du er ansvarlig for skade på en annen person eller en annen persons ting. ;;
RE9600 ;RE960 ;Rettshjelp utenfor Norden ;Du er part i en tvist og søker utgifter til advokat, rettsgebyr, rettsak, vitner, mekling. ;;
AR1000 ;MV004;Påkjøring bakfra;Et kjøretøy kjører inn i et annet kjøretøy bakfra. Gjelder også kjedekollisjon.;;
AR1000 ;MV005;Forbikjøring, filskifte og fletting;Skade på kjøretøy i forbindelse med forbikjøring, filskifting eller fletting i samme kjøreretning. Gjelder når et kjøretøy har skadet et annet kjøretøy.;;
AR1000 ;MV007;Rygging;To kjøretøy kolliderer, der minst ett av dem rygger.;;
AR1000 ;MV008;Parkert kjøretøy;Et kjøretøy har vært i bevegelse og kollidert med et parkert kjøretøy. Det kan ha oppstått skade på ett av eller begge kjøretøyene.;;
AR4000 ;MV009;Sammenstøt med myk trafikant;Det har vært sammenstøt med myk trafikant. Dette kan gjerne være en syklist, fotgjenger eller person på elsparkesykkel. Kan både føre til personskade og skade på ting.;;
AR1000 ;MV010;Rundkjøring;Kollisjon med annet kjøretøy i eller på vei inn/ut av en rundkjøring. ;;
AR1000 ;MV012;Front mot front-kollisjon;To kjøretøy som kjører mot hverandre støter sammen, alt fra front mot front til at speilene slår borti hverandre.;;
AR1000 ;MV013;Veikryss;I et veikryss eller ved utkjøring har to kjøretøy vært borti hverandre.;;
AR5000 ;MV014;Kollisjon med trikk eller bybane;Du har kollidert med en trikk eller bybane.;;
AR2000 ;MV015;Unnamanøver for dyr;Du har kjørt av veien eller fått skade etter å ha unnamanøvret for et dyr. Dette skjer gjerne når dyr som rev, elg og rådyr plutselig står på veien og du prøver å unngå å kjøre på dyret.;;
AR3000 ;MV020;Kollisjon med gjenstand;Du er ansvarlig for å ha skadet andres eiendom med ditt kjøretøy, for eksempel en bygning, et gjerde, en postkasse eller lignende.;;
AR3100 ;MV021;Kjøretøy er blitt skadet av en ting;Gjenstander som ikke er andre kjøretøy har skadet kjøretøyet ditt, for eksempel i vaskehall, ved takras eller når løse gjenstander blåser av gårde.;;
AR2000 ;MV022;Kjøretøyet sto parkert og ble skadet;Kjøretøyet sto parkert da skaden oppsto. Skaden kan være forårsaket av et annet kjøretøy der motparten er ukjent, eller av andre forhold som uhell, uvær, hærverk eller lignende.;;
AR2000 ;MV023;Ladekabelen er skadet;Ladekabelen til kjøretøyet har fått skade eller er ødelagt. Ladekabelen kan typisk være brukket, klemt, eller sluttet å fungere.;;
AR2000 ;MV025;Kjørt på vilt eller husdyr;Situasjoner der dyr har vært innvolvert en trafikkhendelse. Kan ha vært både vilt og husdyr. ;;
AR2000 ;MV027;Dyr har skadet parkert kjøretøy;Situasjoner der dyr har vært innvolvert i skaden på kjøretøyet mens det har stått parkert.;;
AR7000 ;MV028;Kjøretøy er stjålet;Kjøretøyet ditt er stjålet.;;
AR2000 ;MV028;Jeg har kjørt borti noe eller av veien;Kun ditt kjøretøy er skadet etter å kjørt borti noe, sklidd av veien, kjørt i autovernet, eller lignende. Dette kan gjerne være kontakt med stolper, kanter eller annet som skraper bilen.;;
AR9300 ;MV029;Rettshjelp ;Det har oppstått en tvist og det trengs hjelp med rettslige spørsmål.;;
AR7000 ;MV029;Tyveri fra kjøretøy;Innbrudd og tyveri fra kjøretøyet. ;;
AR7000 ;MV037;Innbruddsforsøk har gjort skade;Noen har forsøkt å bryte seg inn i kjøretøyet og gjort skade som følge av innbruddsforsøket. Det kan innebære knust rute eller brutt opp dør.;;
AR7000 ;MV038;Ladekabelen er stjålet;Noen har stjålet, tatt eller forsøkt å stjele ladekabelen til kjøretøyet.;;
AR8000 ;MV040;Brann;Skader på kjøretøy som følge av brann eller røykutvikling. ;;
AR9100 ;MV050;Veihjelp;Du trenger hjelp med å starte eller berge kjøretøyet ettersom kjøretøyet ikke er mulig å kjøre lenger. ;;
AR9200 ;MV051;Tap av nøkler;Bilnøkklene er enten mistet, skadet eller har sluttet å fungere.;;
AR9000 ;MV060;Skade kun på glass;Kjøretøyet har fått skade på vindu, rute eller tak. Kan innebære knust glass, sprekker, riper eller steinsprutskade.;;
AR6000 ;MV060;Maskinskade;Teknisk feil med motor, girkasse, differensial eller annen elektronikk som gjør at kjøretøyet ikke fungerer som vanlig. Ofte innebærer det varsellampe og behov for verksted.;;
AR6002;MV062;Punktering etter gyldig dekksjekk             ;Dekk på kjøretøyet ditt har punktert. ;;
;;;;;
;;;;;
;;;;;
;;;;;
;;;;;
;;;;;
;;;;;
;;;;;
;;;;;
;;;;;
;;;;;
;;;;;
;;;;;
;;;;;
;;;;;
;;;;;
;;;;;
;;;;;
;;;;;
;;;;;
;;;;;
;;;;;
;;;;;
;;;;;
;;;;;
;;;;;